{"cameraMode":{"drawMode":0,"name":"Shaded","section":"Shading Mode"},"sceneLighting":true,"audioPlay":false,"sceneViewState":{"showFog":true,"showMaterialUpdate":false,"showSkybox":true,"showFlares":true,"showImageEffects":true,"showParticleSystems":true},"in2DMode":false,"pivot":{"x":8.444001197814942,"y":14.801957130432129,"z":-14.806700706481934},"rotation":{"x":0.14867156744003297,"y":0.11836209893226624,"z":-0.017918262630701066,"w":0.9816372394561768},"size":54.98262023925781,"orthographic":false}