{"cameraMode":{"drawMode":0,"name":"Shaded","section":"Shading Mode"},"sceneLighting":false,"audioPlay":false,"sceneViewState":{"showFog":true,"showMaterialUpdate":false,"showSkybox":false,"showFlares":true,"showImageEffects":true,"showParticleSystems":true},"in2DMode":false,"pivot":{"x":-0.20285534858703614,"y":1.1356335878372193,"z":-0.23203086853027345},"rotation":{"x":0.04199891909956932,"y":-0.0012016459368169308,"z":0.00004277594780432992,"w":0.999159574508667},"size":6.364780426025391,"orthographic":false}