{"cameraMode":{"drawMode":0,"name":"Shaded","section":"Shading Mode"},"sceneLighting":true,"audioPlay":false,"sceneViewState":{"showFog":true,"showMaterialUpdate":false,"showSkybox":true,"showFlares":true,"showImageEffects":true,"showParticleSystems":true},"in2DMode":false,"pivot":{"x":-164.1431427001953,"y":57.201019287109378,"z":-60.86088943481445},"rotation":{"x":0.21287725865840913,"y":0.553605854511261,"z":-0.14892888069152833,"w":0.7912489771842957},"size":6.059849262237549,"orthographic":false}