{"cameraMode":{"drawMode":0,"name":"Shaded","section":"Shading Mode"},"sceneLighting":false,"audioPlay":false,"sceneViewState":{"showFog":true,"showMaterialUpdate":false,"showSkybox":false,"showFlares":true,"showImageEffects":true,"showParticleSystems":true},"in2DMode":false,"pivot":{"x":2.759868621826172,"y":-1.1849021911621094,"z":4.054133415222168},"rotation":{"x":-0.12570200860500337,"y":0.7016794681549072,"z":-0.1279090940952301,"w":-0.6895764470100403},"size":4.804939270019531,"orthographic":false}