{"cameraMode":{"drawMode":0,"name":"Shaded","section":"Shading Mode"},"sceneLighting":false,"audioPlay":false,"sceneViewState":{"showFog":true,"showMaterialUpdate":false,"showSkybox":false,"showFlares":true,"showImageEffects":true,"showParticleSystems":true},"in2DMode":false,"pivot":{"x":2.8638577461242677,"y":-1.342329502105713,"z":1.4918270111083985},"rotation":{"x":-0.12570200860500337,"y":0.7016794681549072,"z":-0.1279090940952301,"w":-0.6895764470100403},"size":2.1049392223358156,"orthographic":false}