{"cameraMode":{"drawMode":0,"name":"Shaded","section":"Shading Mode"},"sceneLighting":false,"audioPlay":false,"sceneViewState":{"showFog":true,"showMaterialUpdate":false,"showSkybox":false,"showFlares":true,"showImageEffects":true,"showParticleSystems":true},"in2DMode":false,"pivot":{"x":2.4198622703552248,"y":-1.0309042930603028,"z":-0.5539698600769043},"rotation":{"x":0.06722048670053482,"y":0.08400837332010269,"z":-0.005692234728485346,"w":0.9942208528518677},"size":6.171957015991211,"orthographic":false}