{"cameraMode":{"drawMode":0,"name":"Shaded","section":"Shading Mode"},"sceneLighting":false,"audioPlay":false,"sceneViewState":{"showFog":true,"showMaterialUpdate":false,"showSkybox":false,"showFlares":true,"showImageEffects":true,"showParticleSystems":true},"in2DMode":false,"pivot":{"x":-3.5967397689819338,"y":0.7821662425994873,"z":2.107457160949707},"rotation":{"x":0.03341865539550781,"y":0.6993168592453003,"z":-0.032753366976976398,"w":0.7133053541183472},"size":8.539254188537598,"orthographic":false}