{"cameraMode":{"drawMode":0,"name":"Shaded","section":"Shading Mode"},"sceneLighting":true,"audioPlay":false,"sceneViewState":{"showFog":true,"showMaterialUpdate":false,"showSkybox":true,"showFlares":true,"showImageEffects":true,"showParticleSystems":true},"in2DMode":false,"pivot":{"x":-4.454999923706055,"y":-0.6660000085830689,"z":2.5179998874664308},"rotation":{"x":0.1722446084022522,"y":0.5756124258041382,"z":-0.12558382749557496,"w":0.7894750237464905},"size":2.36602520942688,"orthographic":false}