{"cameraMode":{"drawMode":0,"name":"Shaded","section":"Shading Mode"},"sceneLighting":true,"audioPlay":false,"sceneViewState":{"showFog":true,"showMaterialUpdate":false,"showSkybox":true,"showFlares":true,"showImageEffects":true,"showParticleSystems":true},"in2DMode":false,"pivot":{"x":453.8387145996094,"y":245.264404296875,"z":-185.123046875},"rotation":{"x":0.2099330574274063,"y":-0.009979013353586197,"z":0.002126816427335143,"w":0.9777023196220398},"size":456.9754638671875,"orthographic":false}